排名,名称,类型,热度,阅读量,讨论量,主持人,标签,地区
0,首场网络视频委员通道,热,,阅读805.4万,讨论1796,人民日报,社会,全国
1,建议有性侵记录者不得从事未成年人工作,沸,2188440,阅读3.9亿,讨论4万,人民日报,社会,全国
2,建议减少家长陪作业任务,新,2031109,阅读7666.2万,讨论6618,人民网,社会,全国
3,哈弗F7带你潮游世界,荐,1942839,阅读1563.2万,讨论152,哈弗SUV,社会,全国
4,郑恺苗苗结婚,沸,1923462,阅读8.2亿,讨论12.5万,新浪娱乐,明星,内地
5,全国政协十三届三次会议开幕,,1681686,阅读7146.6万,讨论7541,人民日报,社会,全国
6,521 薇娅的新通告,荐,1559077,阅读2707.2万,讨论628,浦发银行信用卡中心,社会,全国
7,北京暴雨,新,1543923,阅读12.2亿,讨论41.1万,,社会,全国
8,维密将永久关闭250家店,新,1502337,阅读8111.5万,讨论3226,老板联播,财经,产业公司
9,魏晨评论俞灏明,热,1101582,阅读5亿,讨论4.5万,微博娱乐,明星,内地
10,王毅赴机场接杜伟大使回家,,601405,阅读7006.9万,讨论6684,环球网,时事,全国
11,两会,沸,568184,阅读81.2亿,讨论335万,央视新闻,社会,全国
12,大兴机场行李系统实现全流程跟踪,新,565899,阅读1339.6万,讨论603,新京报,社会,北京
13,每省至少有一个P3实验室,,451777,阅读5274.5万,讨论1905,成都商报,社会,全国
14,政协委员呼吁用人单位逆周期招聘大学生,新,381393,阅读1085.6万,讨论862,人民日报,社会,全国
15,521,热,346987,阅读8亿,讨论124.8万,【超话】521 ,社会,全国
16,巴赫称奥运明年若无法如期将被取消,,293954,阅读8236万,讨论3141,新浪体育,体育,
17,张文宏请大家做好有散发病例的心理准备,热,281569,阅读3.5亿,讨论2.4万,央视新闻,社会,上海
18,程晓玥,新,277337,阅读2.7亿,讨论9.3万,【超话】程晓玥 ,时尚,
19,女幼师捧花向消防员男友求婚,新,272972,阅读2128.2万,讨论1438,头条新闻,社会,全国
20,警犬叼回一只走失小柯基,,267949,,,,,
21,援鄂医生被醉驾司机撞死案开庭,新,267299,,,,,
22,情侣转账指南,,259804,,,,,
23,上辈子约好的爱情,,257086,,,,,
24,用emoji描述自己的名字,,251278,,,,,
25,6月将发射最后一颗北斗组网卫星,新,249418,,,,,
26,建议将节日置于假期中间,,247600,,,,,
27,女交警给老公车辆贴罚单被表白,,242205,,,,,
28,政协委员说我们要加强医学教育,新,227904,,,,,
29,从小到大你的颜值变化,,225796,,,,,
30,神秘的水下世界,,217766,,,,,
31,凉山扶贫建设5年内23名干部献出生命,新,192492,,,,,
32,iOS13.5正式版推送,,177786,,,,,
33,沙雕企鹅化妆刷,,176348,,,,,
34,全国政协十三届三次会议首场委员通道,,171899,,,,,
35,异地恋承载爱情的车票,,163682,,,,,
36,非郑州户籍大学生买房不再审社保和个税,,157720,,,,,
37,全国政协十三届三次会议举行默哀仪式,新,156473,,,,,
38,脆皮土豆泥曲奇,,155112,,,,,
39,97岁奶奶不肯吃药急哭99岁爷爷,,141233,,,,,
40,建议建立农民退休制度,,138618,,,,,
41,全国政协十三届三次会议议程通过,新,132226,,,,,
42,新郎民警婚礼犯职业病宣传防诈骗,,128427,,,,,
43,1岁女孩脑死亡捐肾脏救2人,,123573,,,,,
44,空降女兵跳伞前一分钟,,119700,,,,,
45,北京老楼加装电梯不再一票否决,,117307,,,,,
46,第一次当伴娘是种什么体验,,113958,,,,,
47,异性缘很好是怎样的体验,,111435,,,,,
48,珠峰高程测量登山队撤回6500米前进营地,,93831,,,,,
49,全球首位3D版AI合成主播,,92026,阅读5791.7万,讨论3063,,科技,全国
50,建议增加被性侵儿童精神损害赔偿,,89027,阅读3380.1万,讨论2058,,社会,全国
